Energy,phi_degrees,theta_degrees,phi_motor_degrees,theta_motor_degrees,phi_fwhm,theta_fwhm
5.000000000000000000e+00,-5.82E+00,-4.31E+01,0.000000000000000000e+00,-4.40E+01,1.054773803373467267e+01,1.387030761850400040e+01
5.000000000000000000e+00,-5.14E+00,-3.52E+01,0.000000000000000000e+00,-3.60E+01,9.631061796309191791e+00,1.370933905303768086e+01
5.000000000000000000e+00,-4.83E+00,-2.81E+01,0.000000000000000000e+00,-2.80E+01,8.803356713143891454e+00,1.211546020481940111e+01
5.000000000000000000e+00,-4.44E+00,-2.06E+01,0.000000000000000000e+00,-2.00E+01,7.850633201366488123e+00,1.185077012799882645e+01
5.000000000000000000e+00,-4.15E+00,-1.30E+01,0.000000000000000000e+00,-1.20E+01,7.424357070052178820e+00,1.255511678304025303e+01
5.000000000000000000e+00,-4.04E+00,-1.00E+01,0.000000000000000000e+00,-9.00E+00,7.217760108359198234e+00,1.146291857467257458e+01
5.000000000000000000e+00,-3.99E+00,-7.22E+00,0.000000000000000000e+00,-6.00E+00,7.047578642040054575e+00,1.221591832030659219e+01
5.000000000000000000e+00,-4.00E+00,-1.48E+00,0.000000000000000000e+00,0.000000000000000000e+00,7.258514911844293316e+00,1.169575653075894373e+01
5.000000000000000000e+00,-4.34E+00,5.065757467703858374e+00,0.000000000000000000e+00,6.000000000000000000e+00,7.809966558761824551e+00,1.303264212685692058e+01
5.000000000000000000e+00,-3.98E+00,7.581821042509964137e+00,0.000000000000000000e+00,9.000000000000000000e+00,6.970297178046513054e+00,1.213864001324880348e+01
5.000000000000000000e+00,-3.96E+00,1.059592588114811917e+01,0.000000000000000000e+00,1.200000000000000000e+01,6.912869577059618464e+00,1.143283699039673529e+01
5.000000000000000000e+00,-4.30E+00,1.848377158184054281e+01,0.000000000000000000e+00,2.000000000000000000e+01,7.511870648083655233e+00,1.152340912969113340e+01
5.000000000000000000e+00,-4.88E+00,2.592650760405440735e+01,0.000000000000000000e+00,2.800000000000000000e+01,7.958282091933052804e+00,1.281000704643225063e+01
5.000000000000000000e+00,-5.41E+00,3.345530153683194641e+01,0.000000000000000000e+00,3.600000000000000000e+01,8.962588604290719019e+00,1.409125508442227925e+01
5.000000000000000000e+00,-5.92E+00,4.147220321652487485e+01,0.000000000000000000e+00,4.400000000000000000e+01,9.963828090652405933e+00,1.395048043133292026e+01
5.000000000000000000e+00,-1.12E+01,-4.36E+01,9.400000000000000355e+00,-4.40E+01,1.572555167309847057e+01,1.182414549771693224e+01
5.000000000000000000e+00,-1.06E+01,-3.59E+01,9.400000000000000355e+00,-3.60E+01,1.339392007339384172e+01,1.129586987022711142e+01
5.000000000000000000e+00,-1.05E+01,-2.84E+01,9.400000000000000355e+00,-2.80E+01,1.234083098413073820e+01,1.085075009131769086e+01
5.000000000000000000e+00,-1.03E+01,-2.09E+01,9.400000000000000355e+00,-2.00E+01,1.181115960625866279e+01,1.070608729864115105e+01
5.000000000000000000e+00,-1.02E+01,-1.32E+01,9.400000000000000355e+00,-1.20E+01,1.106930114989545721e+01,1.106937872130150069e+01
5.000000000000000000e+00,-1.00E+01,-1.02E+01,9.400000000000000355e+00,-9.00E+00,1.126002267449485572e+01,1.058870693032112875e+01
5.000000000000000000e+00,-1.01E+01,-7.53E+00,9.400000000000000355e+00,-6.00E+00,1.067087083976104545e+01,1.088964092487110058e+01
5.000000000000000000e+00,-1.01E+01,-1.19E+00,9.400000000000000355e+00,0.000000000000000000e+00,1.082818321253799176e+01,1.128128876958330196e+01
5.000000000000000000e+00,-1.02E+01,5.005980152125938609e+00,9.400000000000000355e+00,6.000000000000000000e+00,1.102398412994953247e+01,1.125743680374236000e+01
5.000000000000000000e+00,-1.03E+01,7.908162697748934988e+00,9.400000000000000355e+00,9.000000000000000000e+00,1.119548091343180651e+01,1.093350932051088797e+01
5.000000000000000000e+00,-1.02E+01,1.086606522507249650e+01,9.400000000000000355e+00,1.200000000000000000e+01,1.064363046811764058e+01,1.085721254054649343e+01
5.000000000000000000e+00,-1.04E+01,1.864818727417834410e+01,9.400000000000000355e+00,2.000000000000000000e+01,1.105136989902132783e+01,1.128006364694882002e+01
5.000000000000000000e+00,-1.06E+01,2.620129193150120273e+01,9.400000000000000355e+00,2.800000000000000000e+01,1.260149635921669464e+01,1.132759439423638881e+01
5.000000000000000000e+00,-1.08E+01,3.388051395012628575e+01,9.400000000000000355e+00,3.600000000000000000e+01,1.288693283770034270e+01,1.208422251810612913e+01
5.000000000000000000e+00,-1.17E+01,4.141383078989463229e+01,9.400000000000000355e+00,4.400000000000000000e+01,1.500318213125078159e+01,1.271519968776243559e+01
5.000000000000000000e+00,-1.96E+01,-4.34E+01,1.839999999999999858e+01,-4.40E+01,1.525051120742643462e+01,1.201362437742333178e+01
5.000000000000000000e+00,-1.91E+01,-3.61E+01,1.839999999999999858e+01,-3.60E+01,1.402178573890856583e+01,1.188435404444747157e+01
5.000000000000000000e+00,-1.91E+01,-2.86E+01,1.839999999999999858e+01,-2.80E+01,1.206309183391382867e+01,1.051771712760151090e+01
5.000000000000000000e+00,-1.87E+01,-2.13E+01,1.839999999999999858e+01,-2.00E+01,1.152344932071680539e+01,1.060072600840286761e+01
5.000000000000000000e+00,-1.90E+01,-1.31E+01,1.839999999999999858e+01,-1.20E+01,1.034083806330074395e+01,1.049505266194061726e+01
5.000000000000000000e+00,-1.89E+01,-1.03E+01,1.839999999999999858e+01,-9.00E+00,1.018970864887591254e+01,1.026848415828594341e+01
5.000000000000000000e+00,-1.89E+01,-7.59E+00,1.839999999999999858e+01,-6.00E+00,9.786070694518997470e+00,1.059653428479546555e+01
5.000000000000000000e+00,-1.89E+01,-1.23E+00,1.839999999999999858e+01,0.000000000000000000e+00,1.000808108901166804e+01,1.092547319338303247e+01
5.000000000000000000e+00,-1.89E+01,5.006588010040836423e+00,1.839999999999999858e+01,6.000000000000000000e+00,1.064229914551252421e+01,1.031026558542270521e+01
5.000000000000000000e+00,-1.89E+01,8.026342447620178788e+00,1.839999999999999858e+01,9.000000000000000000e+00,1.062725436419369807e+01,1.061469480670451127e+01
5.000000000000000000e+00,-1.88E+01,1.089832894482152170e+01,1.839999999999999858e+01,1.200000000000000000e+01,1.044694540439324371e+01,1.102265427428683076e+01
5.000000000000000000e+00,-1.87E+01,1.901149817221773120e+01,1.839999999999999858e+01,2.000000000000000000e+01,1.119899613305573460e+01,1.074642598288560968e+01
5.000000000000000000e+00,-1.89E+01,2.651718086695079890e+01,1.839999999999999858e+01,2.800000000000000000e+01,1.272149690901121666e+01,1.099082710291737719e+01
5.000000000000000000e+00,-1.89E+01,3.442123916506012193e+01,1.839999999999999858e+01,3.600000000000000000e+01,1.421229370612161524e+01,1.177837894048487932e+01
5.000000000000000000e+00,-1.93E+01,4.189652628441580617e+01,1.839999999999999858e+01,4.400000000000000000e+01,1.627065725098329096e+01,1.170543603989148629e+01
5.000000000000000000e+00,-2.75E+01,-4.37E+01,2.730000000000000071e+01,-4.40E+01,1.627227552451133263e+01,1.177307414127573182e+01
5.000000000000000000e+00,-2.73E+01,-3.62E+01,2.730000000000000071e+01,-3.60E+01,1.400610171779080382e+01,1.121848444710699688e+01
5.000000000000000000e+00,-2.76E+01,-2.85E+01,2.730000000000000071e+01,-2.80E+01,1.239184878082399699e+01,1.065882948307168121e+01
5.000000000000000000e+00,-2.76E+01,-2.09E+01,2.730000000000000071e+01,-2.00E+01,1.077378338177719463e+01,1.012938236861966779e+01
5.000000000000000000e+00,-2.78E+01,-1.31E+01,2.730000000000000071e+01,-1.20E+01,1.016004745107097840e+01,9.979751808822113546e+00
5.000000000000000000e+00,-2.78E+01,-1.01E+01,2.730000000000000071e+01,-9.00E+00,9.613665673198177331e+00,9.600089429402769881e+00
5.000000000000000000e+00,-2.77E+01,-7.48E+00,2.730000000000000071e+01,-6.00E+00,9.978489436446276173e+00,1.014101592886594894e+01
5.000000000000000000e+00,-2.77E+01,-1.01E+00,2.730000000000000071e+01,0.000000000000000000e+00,1.020040403004152374e+01,1.075005140570238105e+01
5.000000000000000000e+00,-2.76E+01,5.002319425932324037e+00,2.730000000000000071e+01,6.000000000000000000e+00,1.024714472579597491e+01,1.035416139101638144e+01
5.000000000000000000e+00,-2.78E+01,7.853146778863740352e+00,2.730000000000000071e+01,9.000000000000000000e+00,9.665653927147131341e+00,9.716183430425873624e+00
5.000000000000000000e+00,-2.76E+01,1.089745016636697983e+01,2.730000000000000071e+01,1.200000000000000000e+01,1.049926107151572552e+01,1.033001669266409195e+01
5.000000000000000000e+00,-2.77E+01,1.879500466696062233e+01,2.730000000000000071e+01,2.000000000000000000e+01,1.113896958556538408e+01,1.011982708181618129e+01
5.000000000000000000e+00,-2.75E+01,2.657802559349513061e+01,2.730000000000000071e+01,2.800000000000000000e+01,1.218946828699693441e+01,1.114203123349080649e+01
5.000000000000000000e+00,-2.74E+01,3.470939500059057536e+01,2.730000000000000071e+01,3.600000000000000000e+01,1.443584133561505389e+01,1.148977351891890741e+01
5.000000000000000000e+00,-2.71E+01,4.210465667969568671e+01,2.730000000000000071e+01,4.400000000000000000e+01,1.593863047643973019e+01,1.095429231063769393e+01
5.000000000000000000e+00,-3.54E+01,-4.39E+01,3.639999999999999858e+01,-4.40E+01,1.652369673986145671e+01,1.053525977476191677e+01
5.000000000000000000e+00,-3.57E+01,-3.61E+01,3.639999999999999858e+01,-3.60E+01,1.403570998528883784e+01,1.089494530881299106e+01
5.000000000000000000e+00,-3.58E+01,-2.82E+01,3.639999999999999858e+01,-2.80E+01,1.251714402324850006e+01,1.063440679000274969e+01
5.000000000000000000e+00,-3.61E+01,-2.08E+01,3.639999999999999858e+01,-2.00E+01,1.122557354956854603e+01,9.442900479984801976e+00
5.000000000000000000e+00,-3.61E+01,-1.30E+01,3.639999999999999858e+01,-1.20E+01,1.025962158784020062e+01,9.365439303225064904e+00
5.000000000000000000e+00,-3.62E+01,-1.01E+01,3.639999999999999858e+01,-9.00E+00,1.024985007566868234e+01,9.686026992223316867e+00
5.000000000000000000e+00,-3.62E+01,-7.24E+00,3.639999999999999858e+01,-6.00E+00,1.018372796931536151e+01,9.467539094250298604e+00
5.000000000000000000e+00,-3.63E+01,-1.06E+00,3.639999999999999858e+01,0.000000000000000000e+00,1.003974937963722169e+01,9.943355329445330071e+00
5.000000000000000000e+00,-3.61E+01,5.294178499373172642e+00,3.639999999999999858e+01,6.000000000000000000e+00,1.029357516668050287e+01,9.789196652555942180e+00
5.000000000000000000e+00,-3.61E+01,7.902306088324400513e+00,3.639999999999999858e+01,9.000000000000000000e+00,1.002414259850350220e+01,9.730022976387346034e+00
5.000000000000000000e+00,-3.60E+01,1.112374447809088096e+01,3.639999999999999858e+01,1.200000000000000000e+01,1.027697021838902458e+01,9.987154308592955942e+00
5.000000000000000000e+00,-3.62E+01,1.891306380104864715e+01,3.639999999999999858e+01,2.000000000000000000e+01,1.085730215638898777e+01,9.721713225219714261e+00
5.000000000000000000e+00,-3.59E+01,2.659251167587185805e+01,3.639999999999999858e+01,2.800000000000000000e+01,1.252704686581641269e+01,1.112668292090743627e+01
5.000000000000000000e+00,-3.55E+01,3.472071414724098304e+01,3.639999999999999858e+01,3.600000000000000000e+01,1.363777585277470195e+01,1.094020198600366101e+01
5.000000000000000000e+00,-3.50E+01,4.220159972542074911e+01,3.639999999999999858e+01,4.400000000000000000e+01,1.689408140978515505e+01,1.164919943083934406e+01
5.000000000000000000e+00,-4.33E+01,-4.32E+01,4.570000000000000284e+01,-4.40E+01,1.804880903396451330e+01,1.147371465287554670e+01
5.000000000000000000e+00,-4.33E+01,-3.63E+01,4.570000000000000284e+01,-3.60E+01,1.650904551377645291e+01,1.173298300443585518e+01
5.000000000000000000e+00,-4.41E+01,-2.83E+01,4.570000000000000284e+01,-2.80E+01,1.427442653263947925e+01,1.047040809115889992e+01
5.000000000000000000e+00,-4.43E+01,-2.04E+01,4.570000000000000284e+01,-2.00E+01,1.243901646972439501e+01,9.241161688407380836e+00
5.000000000000000000e+00,-4.47E+01,-1.27E+01,4.570000000000000284e+01,-1.20E+01,1.140706773521071504e+01,9.086702675978157728e+00
5.000000000000000000e+00,-4.48E+01,-9.91E+00,4.570000000000000284e+01,-9.00E+00,1.122216684379264073e+01,9.664165108292710471e+00
5.000000000000000000e+00,-4.48E+01,-7.04E+00,4.570000000000000284e+01,-6.00E+00,1.102823172211188840e+01,8.996864588855078892e+00
5.000000000000000000e+00,-4.48E+01,-9.32E-01,4.570000000000000284e+01,0.000000000000000000e+00,1.089224722281142022e+01,9.367610189181228009e+00
5.000000000000000000e+00,-4.49E+01,5.276723116950163828e+00,4.570000000000000284e+01,6.000000000000000000e+00,1.073406878674632381e+01,9.245969243226001666e+00
5.000000000000000000e+00,-4.46E+01,8.141373914244596222e+00,4.570000000000000284e+01,9.000000000000000000e+00,1.154683865249833197e+01,9.498758074279860963e+00
5.000000000000000000e+00,-4.46E+01,1.104232016472823830e+01,4.570000000000000284e+01,1.200000000000000000e+01,1.145415191984597492e+01,9.599426732440580423e+00
5.000000000000000000e+00,-4.43E+01,1.881287534540199147e+01,4.570000000000000284e+01,2.000000000000000000e+01,1.245336426931802798e+01,9.729318309003526011e+00
5.000000000000000000e+00,-4.37E+01,2.683677931559744678e+01,4.570000000000000284e+01,2.800000000000000000e+01,1.437303242417327453e+01,1.073674706457000383e+01
5.000000000000000000e+00,-4.33E+01,3.460230460853509982e+01,4.570000000000000284e+01,3.600000000000000000e+01,1.643073139015838180e+01,1.071472645005517066e+01
5.000000000000000000e+00,-5.06E+01,-4.25E+01,5.500000000000000000e+01,-4.40E+01,2.021728733499854869e+01,1.156238457915221218e+01
5.000000000000000000e+00,-5.34E+01,-3.54E+01,5.500000000000000000e+01,-3.60E+01,2.410342823732223039e+01,1.089783430557658228e+01
5.000000000000000000e+00,-5.30E+01,-2.80E+01,5.500000000000000000e+01,-2.80E+01,2.022271825972413950e+01,1.061485482321972285e+01
5.000000000000000000e+00,-5.28E+01,-2.00E+01,5.500000000000000000e+01,-2.00E+01,1.704840879494145511e+01,9.217038473124297582e+00
5.000000000000000000e+00,-5.31E+01,-1.27E+01,5.500000000000000000e+01,-1.20E+01,1.600468440584536012e+01,8.894162571408395834e+00
5.000000000000000000e+00,-5.30E+01,-9.69E+00,5.500000000000000000e+01,-9.00E+00,1.586289716053995846e+01,9.470457598572716407e+00
5.000000000000000000e+00,-5.30E+01,-6.99E+00,5.500000000000000000e+01,-6.00E+00,1.495063443677149984e+01,9.319044501102496270e+00
5.000000000000000000e+00,-5.32E+01,-4.04E-01,5.500000000000000000e+01,0.000000000000000000e+00,1.487808099451233446e+01,9.558082238295181554e+00
5.000000000000000000e+00,-5.30E+01,5.555378291061566109e+00,5.500000000000000000e+01,6.000000000000000000e+00,1.595348190724639537e+01,9.263230757153801065e+00
5.000000000000000000e+00,-5.29E+01,8.473023623652817804e+00,5.500000000000000000e+01,9.000000000000000000e+00,1.556386824458237328e+01,9.305181308360982229e+00
5.000000000000000000e+00,-5.30E+01,1.132522329850258558e+01,5.500000000000000000e+01,1.200000000000000000e+01,1.540835584183932561e+01,9.090312300788713884e+00
5.000000000000000000e+00,-5.24E+01,1.899090402075571760e+01,5.500000000000000000e+01,2.000000000000000000e+01,1.802693407810813042e+01,9.733145160691385911e+00
5.000000000000000000e+00,-5.24E+01,2.702107084165293571e+01,5.500000000000000000e+01,2.800000000000000000e+01,2.054960159085027982e+01,1.040257070740977596e+01
5.000000000000000000e+00,-5.26E+01,3.474882981991681419e+01,5.500000000000000000e+01,3.600000000000000000e+01,2.623777090500773568e+01,1.117132040456224118e+01
5.000000000000000000e+00,-5.09E+01,4.154601387248177247e+01,5.500000000000000000e+01,4.400000000000000000e+01,2.462658397241573383e+01,1.160104783588183253e+01
7.000000000000000000e+00,-4.92E+00,-4.30E+01,0.000000000000000000e+00,-4.40E+01,8.808571097873832301e+00,9.876473490800611543e+00
7.000000000000000000e+00,-4.07E+00,-3.56E+01,0.000000000000000000e+00,-3.60E+01,7.070712984359027509e+00,9.191828451921526977e+00
7.000000000000000000e+00,-3.94E+00,-2.81E+01,0.000000000000000000e+00,-2.80E+01,7.152112845824418308e+00,8.932627449715310419e+00
7.000000000000000000e+00,-3.61E+00,-2.02E+01,0.000000000000000000e+00,-2.00E+01,6.204100341604116942e+00,8.512793100484751463e+00
7.000000000000000000e+00,-3.27E+00,-1.27E+01,0.000000000000000000e+00,-1.20E+01,5.665805569271967101e+00,8.677323321033140857e+00
7.000000000000000000e+00,-3.53E+00,-9.79E+00,0.000000000000000000e+00,-9.00E+00,5.832133730367386804e+00,8.314327479470250637e+00
7.000000000000000000e+00,-3.36E+00,-6.81E+00,0.000000000000000000e+00,-6.00E+00,5.756956494178234962e+00,9.057684822968068872e+00
7.000000000000000000e+00,-3.31E+00,-3.43E-01,0.000000000000000000e+00,0.000000000000000000e+00,5.735858624370743897e+00,8.987100657015233196e+00
7.000000000000000000e+00,-3.25E+00,5.461904739622567284e+00,0.000000000000000000e+00,6.000000000000000000e+00,5.584277273117772999e+00,9.105527535417961005e+00
7.000000000000000000e+00,-3.37E+00,8.700668621981442641e+00,0.000000000000000000e+00,9.000000000000000000e+00,5.709878900532480372e+00,9.417339310433181510e+00
7.000000000000000000e+00,-3.45E+00,1.145017703943122100e+01,0.000000000000000000e+00,1.200000000000000000e+01,5.873009697403786866e+00,9.272444223855959677e+00
7.000000000000000000e+00,-3.78E+00,1.910068700322457502e+01,0.000000000000000000e+00,2.000000000000000000e+01,6.622693451390165187e+00,8.897055750972651111e+00
7.000000000000000000e+00,-3.82E+00,2.684466154274213778e+01,0.000000000000000000e+00,2.800000000000000000e+01,6.572491336225458447e+00,9.130119235423762802e+00
7.000000000000000000e+00,-4.32E+00,3.438523995509183351e+01,0.000000000000000000e+00,3.600000000000000000e+01,6.848079707036737851e+00,1.070879132886114604e+01
7.000000000000000000e+00,-5.29E+00,4.300101903829614969e+01,0.000000000000000000e+00,4.400000000000000000e+01,9.441318968783930288e+00,1.055575587281736460e+01
7.000000000000000000e+00,-1.13E+01,-4.37E+01,8.800000000000000711e+00,-4.40E+01,1.223354918933325841e+01,9.825604230623179447e+00
7.000000000000000000e+00,-1.08E+01,-3.60E+01,8.800000000000000711e+00,-3.60E+01,1.122199012018015374e+01,9.193400664072433059e+00
7.000000000000000000e+00,-1.04E+01,-2.84E+01,8.800000000000000711e+00,-2.80E+01,1.012453182354109948e+01,8.296138361795760474e+00
7.000000000000000000e+00,-1.05E+01,-2.07E+01,8.800000000000000711e+00,-2.00E+01,9.123881905252098079e+00,8.689649353024192280e+00
7.000000000000000000e+00,-1.05E+01,-1.25E+01,8.800000000000000711e+00,-1.20E+01,8.345107319020028669e+00,7.957060752250471936e+00
7.000000000000000000e+00,-1.05E+01,-9.89E+00,8.800000000000000711e+00,-9.00E+00,8.394075122565581637e+00,8.381204256316118872e+00
7.000000000000000000e+00,-1.05E+01,-6.76E+00,8.800000000000000711e+00,-6.00E+00,8.792901147060010913e+00,8.737682681089131265e+00
7.000000000000000000e+00,-1.04E+01,-4.91E-01,8.800000000000000711e+00,0.000000000000000000e+00,8.689588113264413494e+00,8.831000403780112862e+00
7.000000000000000000e+00,-1.05E+01,5.665977620210362886e+00,8.800000000000000711e+00,6.000000000000000000e+00,9.311852116648406508e+00,8.924749234445071622e+00
7.000000000000000000e+00,-1.05E+01,8.539506415709064768e+00,8.800000000000000711e+00,9.000000000000000000e+00,8.543077853360196983e+00,8.448990470693901855e+00
7.000000000000000000e+00,-1.04E+01,1.156741229089810652e+01,8.800000000000000711e+00,1.200000000000000000e+01,8.543242499979628590e+00,8.993018384660343756e+00
7.000000000000000000e+00,-1.04E+01,1.969079523240480256e+01,8.800000000000000711e+00,2.000000000000000000e+01,9.211917934632543492e+00,8.766298418731961917e+00
7.000000000000000000e+00,-1.03E+01,2.728806391677884591e+01,8.800000000000000711e+00,2.800000000000000000e+01,1.053255491870105764e+01,8.728881509508285674e+00
7.000000000000000000e+00,-1.06E+01,3.534856472071680145e+01,8.800000000000000711e+00,3.600000000000000000e+01,1.177512757215734851e+01,9.186303694010156562e+00
7.000000000000000000e+00,-1.13E+01,4.326544260599673919e+01,8.800000000000000711e+00,4.400000000000000000e+01,1.224336796225269453e+01,9.825875565172545123e+00
7.000000000000000000e+00,-1.99E+01,-4.37E+01,1.900000000000000000e+01,-4.40E+01,1.248152850591237595e+01,8.960146827342050813e+00
7.000000000000000000e+00,-1.98E+01,-3.64E+01,1.900000000000000000e+01,-3.60E+01,1.088851871304698804e+01,8.608393270666093500e+00
7.000000000000000000e+00,-1.98E+01,-2.84E+01,1.900000000000000000e+01,-2.80E+01,9.391789336825006274e+00,8.352168412301134381e+00
7.000000000000000000e+00,-1.98E+01,-2.08E+01,1.900000000000000000e+01,-2.00E+01,8.837616073548645090e+00,8.460339995486847897e+00
7.000000000000000000e+00,-1.99E+01,-1.28E+01,1.900000000000000000e+01,-1.20E+01,7.864492379749426831e+00,8.041092932666753512e+00
7.000000000000000000e+00,-1.99E+01,-9.84E+00,1.900000000000000000e+01,-9.00E+00,7.616968369837752384e+00,8.323332773031072662e+00
7.000000000000000000e+00,-1.98E+01,-6.96E+00,1.900000000000000000e+01,-6.00E+00,7.938051756093589262e+00,8.551353523988931116e+00
7.000000000000000000e+00,-1.98E+01,-4.84E-01,1.900000000000000000e+01,0.000000000000000000e+00,7.985471779762185918e+00,8.836437761671460223e+00
7.000000000000000000e+00,-1.98E+01,5.593626123739190881e+00,1.900000000000000000e+01,6.000000000000000000e+00,7.937894437453052454e+00,8.746161681818399813e+00
7.000000000000000000e+00,-1.98E+01,8.619837565192719708e+00,1.900000000000000000e+01,9.000000000000000000e+00,7.898626345701365459e+00,8.392748065207745967e+00
7.000000000000000000e+00,-1.99E+01,1.150901800620617976e+01,1.900000000000000000e+01,1.200000000000000000e+01,8.325666472775864690e+00,8.367961239630853143e+00
7.000000000000000000e+00,-1.97E+01,1.963181932566558174e+01,1.900000000000000000e+01,2.000000000000000000e+01,8.650996422635460092e+00,8.753080043578300717e+00
7.000000000000000000e+00,-1.96E+01,2.749703799549105554e+01,1.900000000000000000e+01,2.800000000000000000e+01,9.368832509775396389e+00,8.552107222233269468e+00
7.000000000000000000e+00,-1.96E+01,3.531775833065661629e+01,1.900000000000000000e+01,3.600000000000000000e+01,1.135448376692628436e+01,9.290674379507708025e+00
7.000000000000000000e+00,-1.98E+01,4.302751401011772003e+01,1.900000000000000000e+01,4.400000000000000000e+01,1.269757126516929979e+01,9.548433414323437063e+00
7.000000000000000000e+00,-2.76E+01,-4.39E+01,2.730000000000000071e+01,-4.40E+01,1.292724662215045228e+01,9.586128582361638450e+00
7.000000000000000000e+00,-2.78E+01,-3.61E+01,2.730000000000000071e+01,-3.60E+01,1.047334194201497581e+01,8.479773655730520332e+00
7.000000000000000000e+00,-2.79E+01,-2.82E+01,2.730000000000000071e+01,-2.80E+01,9.149307342538117283e+00,8.076715868323201875e+00
7.000000000000000000e+00,-2.79E+01,-2.06E+01,2.730000000000000071e+01,-2.00E+01,8.424702084436347604e+00,7.660120858163459445e+00
7.000000000000000000e+00,-2.79E+01,-1.27E+01,2.730000000000000071e+01,-1.20E+01,7.957067415901858176e+00,7.954960995747139663e+00
7.000000000000000000e+00,-2.80E+01,-9.70E+00,2.730000000000000071e+01,-9.00E+00,7.599482680111097288e+00,7.711382996706612758e+00
7.000000000000000000e+00,-2.79E+01,-6.79E+00,2.730000000000000071e+01,-6.00E+00,7.499831035273147428e+00,7.931778731412576278e+00
7.000000000000000000e+00,-2.81E+01,-4.60E-01,2.730000000000000071e+01,0.000000000000000000e+00,7.616044962536823171e+00,8.312951813148382385e+00
7.000000000000000000e+00,-2.79E+01,5.621066146769334360e+00,2.730000000000000071e+01,6.000000000000000000e+00,7.506086347450019680e+00,7.938670745174673193e+00
7.000000000000000000e+00,-2.79E+01,8.744346611775092981e+00,2.730000000000000071e+01,9.000000000000000000e+00,7.925526176994271310e+00,7.744996974574725357e+00
7.000000000000000000e+00,-2.80E+01,1.168827008503846621e+01,2.730000000000000071e+01,1.200000000000000000e+01,8.009760181219407471e+00,8.028476460919240054e+00
7.000000000000000000e+00,-2.78E+01,1.969107916192934482e+01,2.730000000000000071e+01,2.000000000000000000e+01,8.593239768853372595e+00,8.193821736935479549e+00
7.000000000000000000e+00,-2.77E+01,2.774036434085856939e+01,2.730000000000000071e+01,2.800000000000000000e+01,9.558183926860879254e+00,8.504138808594241539e+00
7.000000000000000000e+00,-2.75E+01,3.536219746108580608e+01,2.730000000000000071e+01,3.600000000000000000e+01,1.093981755865337036e+01,8.433533774775785474e+00
7.000000000000000000e+00,-2.72E+01,4.324987349066297782e+01,2.730000000000000071e+01,4.400000000000000000e+01,1.230917532299740103e+01,8.580698240572306901e+00
7.000000000000000000e+00,-3.59E+01,-4.39E+01,3.639999999999999858e+01,-4.40E+01,1.247210792087621378e+01,8.435628504340339617e+00
7.000000000000000000e+00,-3.64E+01,-3.59E+01,3.639999999999999858e+01,-3.60E+01,1.043403988395933801e+01,8.548987300322728800e+00
7.000000000000000000e+00,-3.64E+01,-2.81E+01,3.639999999999999858e+01,-2.80E+01,9.584712469675688240e+00,7.546515358030806198e+00
7.000000000000000000e+00,-3.67E+01,-2.03E+01,3.639999999999999858e+01,-2.00E+01,8.440730027655769518e+00,7.704768706992656035e+00
7.000000000000000000e+00,-3.66E+01,-1.23E+01,3.639999999999999858e+01,-1.20E+01,7.938938941785729675e+00,7.713067439001768832e+00
7.000000000000000000e+00,-3.67E+01,-9.46E+00,3.639999999999999858e+01,-9.00E+00,7.782352746535611487e+00,7.718218186319828256e+00
7.000000000000000000e+00,-3.66E+01,-6.57E+00,3.639999999999999858e+01,-6.00E+00,7.672629198488092328e+00,7.490156966678340744e+00
7.000000000000000000e+00,-3.68E+01,-4.28E-01,3.639999999999999858e+01,0.000000000000000000e+00,7.691047113835281834e+00,7.990623712347937335e+00
7.000000000000000000e+00,-3.66E+01,5.667084434624585221e+00,3.639999999999999858e+01,6.000000000000000000e+00,7.648821218714401127e+00,7.794537490613395292e+00
7.000000000000000000e+00,-3.65E+01,8.695666967542695858e+00,3.639999999999999858e+01,9.000000000000000000e+00,7.921405186820035027e+00,7.666838329946520147e+00
7.000000000000000000e+00,-3.66E+01,1.171807875821295575e+01,3.639999999999999858e+01,1.200000000000000000e+01,7.928700311901005549e+00,7.679583035176922756e+00
7.000000000000000000e+00,-3.64E+01,1.959108212624049727e+01,3.639999999999999858e+01,2.000000000000000000e+01,8.569041136518722013e+00,7.543971188310162113e+00
7.000000000000000000e+00,-3.62E+01,2.752719725221798797e+01,3.639999999999999858e+01,2.800000000000000000e+01,9.708621003251817427e+00,7.973378594935385699e+00
7.000000000000000000e+00,-3.57E+01,3.543175955171170699e+01,3.639999999999999858e+01,3.600000000000000000e+01,1.124958605340697204e+01,8.652396116173960650e+00
7.000000000000000000e+00,-3.55E+01,4.292708385467398102e+01,3.639999999999999858e+01,4.400000000000000000e+01,1.308351373316249600e+01,8.513897346811493350e+00
7.000000000000000000e+00,-4.42E+01,-4.34E+01,4.600000000000000000e+01,-4.40E+01,1.527105284507777938e+01,8.521076238572041106e+00
7.000000000000000000e+00,-4.49E+01,-3.56E+01,4.600000000000000000e+01,-3.60E+01,1.260488544164836711e+01,8.052646122360920700e+00
7.000000000000000000e+00,-4.52E+01,-2.78E+01,4.600000000000000000e+01,-2.80E+01,1.082688236566576201e+01,7.919016074582857279e+00
7.000000000000000000e+00,-4.56E+01,-1.98E+01,4.600000000000000000e+01,-2.00E+01,9.420303235455710578e+00,7.274299513856645305e+00
7.000000000000000000e+00,-4.55E+01,-1.21E+01,4.600000000000000000e+01,-1.20E+01,8.708966015422404894e+00,6.933812656477774894e+00
7.000000000000000000e+00,-4.57E+01,-9.28E+00,4.600000000000000000e+01,-9.00E+00,8.425368521498764807e+00,7.350517126550713876e+00
7.000000000000000000e+00,-4.57E+01,-6.44E+00,4.600000000000000000e+01,-6.00E+00,8.407121941745984373e+00,7.213581288038733774e+00
7.000000000000000000e+00,-4.57E+01,-2.28E-01,4.600000000000000000e+01,0.000000000000000000e+00,8.388884081528653169e+00,7.667852051061944785e+00
7.000000000000000000e+00,-4.57E+01,5.881337730335681080e+00,4.600000000000000000e+01,6.000000000000000000e+00,8.511612696149162716e+00,7.306948720282861132e+00
7.000000000000000000e+00,-4.55E+01,8.812617403951980677e+00,4.600000000000000000e+01,9.000000000000000000e+00,8.612413922030674129e+00,7.624320365429644752e+00
7.000000000000000000e+00,-4.54E+01,1.189263304080356320e+01,4.600000000000000000e+01,1.200000000000000000e+01,8.831270334986685455e+00,7.460926701021346474e+00
7.000000000000000000e+00,-4.50E+01,1.936234817917262774e+01,4.600000000000000000e+01,2.000000000000000000e+01,9.664705759311113198e+00,7.502238451829392751e+00
7.000000000000000000e+00,-4.52E+01,2.751534214300410852e+01,4.600000000000000000e+01,2.800000000000000000e+01,1.065513619373755105e+01,8.524603936750192901e+00
7.000000000000000000e+00,-4.44E+01,3.544848694773397568e+01,4.600000000000000000e+01,3.600000000000000000e+01,1.219811112744570103e+01,7.991383781182198831e+00
7.000000000000000000e+00,-4.30E+01,4.287089163682820470e+01,4.600000000000000000e+01,4.400000000000000000e+01,1.496262060460565380e+01,9.265694032510872091e+00
7.000000000000000000e+00,-5.24E+01,-4.26E+01,5.529999999999999716e+01,-4.40E+01,2.280614374242355069e+01,8.916658429318214729e+00
7.000000000000000000e+00,-5.34E+01,-3.57E+01,5.529999999999999716e+01,-3.60E+01,1.921216840713093887e+01,8.526790123034025726e+00
7.000000000000000000e+00,-5.40E+01,-2.79E+01,5.529999999999999716e+01,-2.80E+01,1.465790989724648341e+01,8.156258343310822667e+00
7.000000000000000000e+00,-5.39E+01,-1.98E+01,5.529999999999999716e+01,-2.00E+01,1.264621966581651158e+01,7.304222964771399873e+00
7.000000000000000000e+00,-5.40E+01,-1.20E+01,5.529999999999999716e+01,-1.20E+01,1.170033049339884812e+01,6.932369303310897735e+00
7.000000000000000000e+00,-5.40E+01,-9.16E+00,5.529999999999999716e+01,-9.00E+00,1.139011288928431398e+01,6.994162709659803134e+00
7.000000000000000000e+00,-5.40E+01,-6.23E+00,5.529999999999999716e+01,-6.00E+00,1.187678226148361027e+01,6.949648230236102009e+00
7.000000000000000000e+00,-5.38E+01,-9.48E-02,5.529999999999999716e+01,0.000000000000000000e+00,1.134753447615054256e+01,7.271770647373934082e+00
7.000000000000000000e+00,-5.38E+01,5.847757506593699084e+00,5.529999999999999716e+01,6.000000000000000000e+00,1.154443218321093312e+01,6.844337864794977300e+00
7.000000000000000000e+00,-5.38E+01,8.830153631030231764e+00,5.529999999999999716e+01,9.000000000000000000e+00,1.105028377764875103e+01,7.007571773668283655e+00
7.000000000000000000e+00,-5.38E+01,1.184328746766487761e+01,5.529999999999999716e+01,1.200000000000000000e+01,1.199969264780610700e+01,6.880866742204649888e+00
7.000000000000000000e+00,-5.33E+01,1.946795253979934870e+01,5.529999999999999716e+01,2.000000000000000000e+01,1.352290131296745912e+01,7.639938079288149275e+00
7.000000000000000000e+00,-5.35E+01,2.783756859089963598e+01,5.529999999999999716e+01,2.800000000000000000e+01,1.539383973455071164e+01,7.411648778253514536e+00
7.000000000000000000e+00,-5.27E+01,3.538119341890842406e+01,5.529999999999999716e+01,3.600000000000000000e+01,1.846061758795977426e+01,8.724944795008692466e+00
7.000000000000000000e+00,-5.04E+01,4.248097315015140651e+01,5.529999999999999716e+01,4.400000000000000000e+01,2.344021156988097587e+01,9.987588389470280603e+00
1.000000000000000000e+01,-3.64E+00,-4.37E+01,0.000000000000000000e+00,-4.40E+01,6.388441973876139102e+00,6.943797717145566928e+00
1.000000000000000000e+01,-3.01E+00,-3.64E+01,0.000000000000000000e+00,-3.60E+01,5.586315778446477864e+00,6.716215422295445769e+00
1.000000000000000000e+01,-2.89E+00,-2.86E+01,0.000000000000000000e+00,-2.80E+01,5.073821194951476876e+00,6.975485220634022099e+00
1.000000000000000000e+01,-2.62E+00,-2.09E+01,0.000000000000000000e+00,-2.00E+01,4.568349995231096194e+00,6.966277698470977775e+00
1.000000000000000000e+01,-2.51E+00,-1.29E+01,0.000000000000000000e+00,-1.20E+01,4.550397429758638701e+00,6.750224343030966523e+00
1.000000000000000000e+01,-2.59E+00,-9.89E+00,0.000000000000000000e+00,-9.00E+00,4.428018438421136516e+00,6.752104357152785674e+00
1.000000000000000000e+01,-2.58E+00,-7.05E+00,0.000000000000000000e+00,-6.00E+00,4.453424802964818241e+00,6.872235060810196750e+00
1.000000000000000000e+01,-2.64E+00,-9.76E-01,0.000000000000000000e+00,0.000000000000000000e+00,4.657654830489568631e+00,6.409629043494415868e+00
1.000000000000000000e+01,-2.48E+00,5.178337231945205232e+00,0.000000000000000000e+00,6.000000000000000000e+00,4.262669215926234934e+00,6.897513038898167359e+00
1.000000000000000000e+01,-2.66E+00,8.099961433171314340e+00,0.000000000000000000e+00,9.000000000000000000e+00,4.670317023082867891e+00,7.103006384641266102e+00
1.000000000000000000e+01,-2.73E+00,1.123725762433164199e+01,0.000000000000000000e+00,1.200000000000000000e+01,4.840172159015052600e+00,7.115757023509080348e+00
1.000000000000000000e+01,-2.73E+00,1.916510661581986597e+01,0.000000000000000000e+00,2.000000000000000000e+01,4.540809491769572936e+00,6.989194196471419929e+00
1.000000000000000000e+01,-2.82E+00,2.700891431215935512e+01,0.000000000000000000e+00,2.800000000000000000e+01,4.985799924670014427e+00,6.625727179078155338e+00
1.000000000000000000e+01,-3.29E+00,3.487149845157951944e+01,0.000000000000000000e+00,3.600000000000000000e+01,5.302966087059759026e+00,7.886293447280430691e+00
1.000000000000000000e+01,-3.73E+00,4.311662268817843113e+01,0.000000000000000000e+00,4.400000000000000000e+01,6.361042858292335289e+00,7.915369612463534210e+00
1.000000000000000000e+01,-1.04E+01,-4.44E+01,8.800000000000000711e+00,-4.40E+01,1.021088054144250634e+01,7.309145680992354954e+00
1.000000000000000000e+01,-1.01E+01,-3.67E+01,8.800000000000000711e+00,-3.60E+01,8.812261213373959734e+00,6.623590120460335129e+00
1.000000000000000000e+01,-1.03E+01,-2.88E+01,8.800000000000000711e+00,-2.80E+01,7.676620015887023918e+00,6.827402442530646098e+00
1.000000000000000000e+01,-1.03E+01,-2.13E+01,8.800000000000000711e+00,-2.00E+01,7.016535397503208316e+00,6.620974362641682376e+00
1.000000000000000000e+01,-1.04E+01,-1.32E+01,8.800000000000000711e+00,-1.20E+01,6.324925722867009270e+00,6.485661607376880688e+00
1.000000000000000000e+01,-1.02E+01,-1.02E+01,8.800000000000000711e+00,-9.00E+00,6.451616477065061694e+00,6.571605296525543594e+00
1.000000000000000000e+01,-1.04E+01,-7.10E+00,8.800000000000000711e+00,-6.00E+00,6.686223284633656228e+00,7.284631286275586426e+00
1.000000000000000000e+01,-1.04E+01,-7.43E-01,8.800000000000000711e+00,0.000000000000000000e+00,6.385437639517514974e+00,6.992985264854675087e+00
1.000000000000000000e+01,-1.03E+01,5.219283012944272215e+00,8.800000000000000711e+00,6.000000000000000000e+00,6.795144611128483447e+00,6.619374601457035823e+00
1.000000000000000000e+01,-1.04E+01,8.246639559425187116e+00,8.800000000000000711e+00,9.000000000000000000e+00,6.590017428159356427e+00,6.447494818286370943e+00
1.000000000000000000e+01,-1.04E+01,1.134433153486766699e+01,8.800000000000000711e+00,1.200000000000000000e+01,6.554485729171891428e+00,6.741478667923116674e+00
1.000000000000000000e+01,-1.04E+01,1.947458505999154355e+01,8.800000000000000711e+00,2.000000000000000000e+01,6.869886529927107688e+00,6.694928412210479074e+00
1.000000000000000000e+01,-9.97E+00,2.740853875624302560e+01,8.800000000000000711e+00,2.800000000000000000e+01,7.650600633865869860e+00,6.978903942957219719e+00
1.000000000000000000e+01,-1.01E+01,3.533119959021609446e+01,8.800000000000000711e+00,3.600000000000000000e+01,8.821989401096089978e+00,7.267741506797700701e+00
1.000000000000000000e+01,-1.06E+01,4.327382612013731489e+01,8.800000000000000711e+00,4.400000000000000000e+01,8.837813670161169810e+00,6.870019883178571263e+00
1.000000000000000000e+01,-1.92E+01,-4.46E+01,1.800000000000000000e+01,-4.40E+01,9.963265899082136556e+00,7.224200197265677303e+00
1.000000000000000000e+01,-1.94E+01,-3.66E+01,1.800000000000000000e+01,-3.60E+01,7.783153505379489800e+00,6.849878385977754114e+00
1.000000000000000000e+01,-1.96E+01,-2.87E+01,1.800000000000000000e+01,-2.80E+01,6.433384657450342381e+00,6.362980174564155433e+00
1.000000000000000000e+01,-1.97E+01,-2.10E+01,1.800000000000000000e+01,-2.00E+01,6.284676994381709569e+00,6.278804123647043767e+00
1.000000000000000000e+01,-1.98E+01,-1.30E+01,1.800000000000000000e+01,-1.20E+01,5.925234379905750082e+00,6.193775487039017591e+00
1.000000000000000000e+01,-1.97E+01,-1.01E+01,1.800000000000000000e+01,-9.00E+00,5.805898724033788483e+00,6.282863286223151711e+00
1.000000000000000000e+01,-1.97E+01,-6.93E+00,1.800000000000000000e+01,-6.00E+00,5.683558536210023604e+00,6.185469074091453301e+00
1.000000000000000000e+01,-1.97E+01,-8.37E-01,1.800000000000000000e+01,0.000000000000000000e+00,5.857721209363919712e+00,6.314573242523890073e+00
1.000000000000000000e+01,-1.95E+01,5.331088359900440388e+00,1.800000000000000000e+01,6.000000000000000000e+00,5.711211932738507357e+00,6.316003597568328409e+00
1.000000000000000000e+01,-1.95E+01,8.248656425497088662e+00,1.800000000000000000e+01,9.000000000000000000e+00,5.788611624668660305e+00,6.181829837009350292e+00
1.000000000000000000e+01,-1.96E+01,1.122891452007025492e+01,1.800000000000000000e+01,1.200000000000000000e+01,5.789559307769687635e+00,6.531165670612505636e+00
1.000000000000000000e+01,-1.96E+01,1.948250187413241719e+01,1.800000000000000000e+01,2.000000000000000000e+01,6.345892394875972897e+00,6.616013090252594431e+00
1.000000000000000000e+01,-1.94E+01,2.744067624370581981e+01,1.800000000000000000e+01,2.800000000000000000e+01,6.814320410881921752e+00,6.414261425126241534e+00
1.000000000000000000e+01,-1.92E+01,3.548852788567057814e+01,1.800000000000000000e+01,3.600000000000000000e+01,8.439118801092048372e+00,7.457935417940761980e+00
1.000000000000000000e+01,-1.92E+01,4.349479813708369136e+01,1.800000000000000000e+01,4.400000000000000000e+01,9.104952085812561435e+00,6.907133602831850183e+00
1.000000000000000000e+01,-2.82E+01,-4.43E+01,2.730000000000000071e+01,-4.40E+01,9.451493304245012439e+00,6.423279912555570625e+00
1.000000000000000000e+01,-2.84E+01,-3.66E+01,2.730000000000000071e+01,-3.60E+01,7.906574594985631421e+00,6.148649395405186624e+00
1.000000000000000000e+01,-2.86E+01,-2.85E+01,2.730000000000000071e+01,-2.80E+01,6.294521192873802740e+00,6.268466261240555504e+00
1.000000000000000000e+01,-2.87E+01,-2.08E+01,2.730000000000000071e+01,-2.00E+01,5.973138412030790434e+00,6.008575766857270573e+00
1.000000000000000000e+01,-2.88E+01,-1.27E+01,2.730000000000000071e+01,-1.20E+01,5.786680589239421302e+00,5.964224282662586418e+00
1.000000000000000000e+01,-2.88E+01,-9.80E+00,2.730000000000000071e+01,-9.00E+00,5.684148362869210658e+00,5.962844076448785557e+00
1.000000000000000000e+01,-2.88E+01,-6.82E+00,2.730000000000000071e+01,-6.00E+00,5.435428858930668738e+00,6.500511004239920787e+00
1.000000000000000000e+01,-2.86E+01,-6.08E-01,2.730000000000000071e+01,0.000000000000000000e+00,5.646740219030504271e+00,6.141096877405131771e+00
1.000000000000000000e+01,-2.88E+01,5.286780665840922211e+00,2.730000000000000071e+01,6.000000000000000000e+00,5.391675202006845247e+00,6.150432074168663554e+00
1.000000000000000000e+01,-2.89E+01,8.228990317413472866e+00,2.730000000000000071e+01,9.000000000000000000e+00,5.741467887431293882e+00,5.955404388313101371e+00
1.000000000000000000e+01,-2.87E+01,1.132658259784590804e+01,2.730000000000000071e+01,1.200000000000000000e+01,5.839661321916842063e+00,6.222838482347486710e+00
1.000000000000000000e+01,-2.86E+01,1.946866876318281570e+01,2.730000000000000071e+01,2.000000000000000000e+01,5.860463009453288130e+00,6.250813343372263908e+00
1.000000000000000000e+01,-2.85E+01,2.754268501414953008e+01,2.730000000000000071e+01,2.800000000000000000e+01,7.194848175481516783e+00,6.605236625947574325e+00
1.000000000000000000e+01,-2.87E+01,3.535899841804997124e+01,2.730000000000000071e+01,3.600000000000000000e+01,7.862002606798267124e+00,6.334231188639090071e+00
1.000000000000000000e+01,-2.83E+01,4.328295961630600885e+01,2.730000000000000071e+01,4.400000000000000000e+01,9.154448995008978684e+00,6.397555887274982034e+00
1.000000000000000000e+01,-3.68E+01,-4.41E+01,3.639999999999999858e+01,-4.40E+01,1.029523601809145994e+01,6.515745478527259493e+00
1.000000000000000000e+01,-3.70E+01,-3.63E+01,3.639999999999999858e+01,-3.60E+01,8.207349391042678022e+00,5.975100545582697542e+00
1.000000000000000000e+01,-3.73E+01,-2.84E+01,3.639999999999999858e+01,-2.80E+01,6.937232290116757127e+00,5.907053285446411728e+00
1.000000000000000000e+01,-3.75E+01,-2.05E+01,3.639999999999999858e+01,-2.00E+01,6.086424596528439146e+00,5.923574081139630465e+00
1.000000000000000000e+01,-3.75E+01,-1.26E+01,3.639999999999999858e+01,-1.20E+01,5.645108143576489823e+00,5.777409361501270268e+00
1.000000000000000000e+01,-3.75E+01,-9.59E+00,3.639999999999999858e+01,-9.00E+00,5.711646414026547269e+00,5.996266080296519085e+00
1.000000000000000000e+01,-3.74E+01,-6.85E+00,3.639999999999999858e+01,-6.00E+00,5.895250300835625623e+00,5.850981452582589171e+00
1.000000000000000000e+01,-3.75E+01,-6.25E-01,3.639999999999999858e+01,0.000000000000000000e+00,5.944484202068126777e+00,5.896315370466424177e+00
1.000000000000000000e+01,-3.75E+01,5.568151904913511530e+00,3.639999999999999858e+01,6.000000000000000000e+00,5.662708301801161248e+00,5.828779048457507272e+00
1.000000000000000000e+01,-3.74E+01,8.442243077268800633e+00,3.639999999999999858e+01,9.000000000000000000e+00,5.597551133565004555e+00,5.708334249441277208e+00
1.000000000000000000e+01,-3.74E+01,1.151927891948958838e+01,3.639999999999999858e+01,1.200000000000000000e+01,5.857044903995103802e+00,5.911855121545671388e+00
1.000000000000000000e+01,-3.72E+01,1.952398355933791763e+01,3.639999999999999858e+01,2.000000000000000000e+01,6.486436571652671290e+00,6.145381779987782345e+00
1.000000000000000000e+01,-3.70E+01,2.739453129426637545e+01,3.639999999999999858e+01,2.800000000000000000e+01,6.893064103335366788e+00,6.446325359014336343e+00
1.000000000000000000e+01,-3.72E+01,3.543738706688287721e+01,3.639999999999999858e+01,3.600000000000000000e+01,8.463338872673208613e+00,6.400361440189685780e+00
1.000000000000000000e+01,-4.51E+01,-4.37E+01,4.570000000000000284e+01,-4.40E+01,1.102616060746707660e+01,6.009796705707240783e+00
1.000000000000000000e+01,-4.60E+01,-3.62E+01,4.570000000000000284e+01,-3.60E+01,8.876737048381587059e+00,6.282644621979787125e+00
1.000000000000000000e+01,-4.61E+01,-2.81E+01,4.570000000000000284e+01,-2.80E+01,7.712577607687851611e+00,6.015236710136079523e+00
1.000000000000000000e+01,-4.64E+01,-2.02E+01,4.570000000000000284e+01,-2.00E+01,7.117581831388360314e+00,5.444047719828581045e+00
1.000000000000000000e+01,-4.63E+01,-1.24E+01,4.570000000000000284e+01,-1.20E+01,6.688794667752993028e+00,5.611002899630634033e+00
1.000000000000000000e+01,-4.63E+01,-9.36E+00,4.570000000000000284e+01,-9.00E+00,6.465219387181512012e+00,5.542915913850743337e+00
1.000000000000000000e+01,-4.65E+01,-6.70E+00,4.570000000000000284e+01,-6.00E+00,6.617375913005567156e+00,5.709741012229649471e+00
1.000000000000000000e+01,-4.65E+01,-5.36E-01,4.570000000000000284e+01,0.000000000000000000e+00,6.271518027942319051e+00,5.460437025262770305e+00
1.000000000000000000e+01,-4.63E+01,5.527121884812847163e+00,4.570000000000000284e+01,6.000000000000000000e+00,6.570021588832804404e+00,5.637319402721264083e+00
1.000000000000000000e+01,-4.62E+01,8.596928910100162469e+00,4.570000000000000284e+01,9.000000000000000000e+00,6.785100522111724430e+00,5.618771220011226752e+00
1.000000000000000000e+01,-4.63E+01,1.165894947518317970e+01,4.570000000000000284e+01,1.200000000000000000e+01,6.613656171081205848e+00,5.442842830411482424e+00
1.000000000000000000e+01,-4.62E+01,1.926155063359471242e+01,4.570000000000000284e+01,2.000000000000000000e+01,7.107519993994485752e+00,5.775104990268276950e+00
1.000000000000000000e+01,-4.59E+01,2.759720648312340074e+01,4.570000000000000284e+01,2.800000000000000000e+01,8.316772695958542627e+00,6.066507656997393028e+00
1.000000000000000000e+01,-4.56E+01,3.537570509480901393e+01,4.570000000000000284e+01,3.600000000000000000e+01,9.711268000020526259e+00,5.852718277845072592e+00
1.000000000000000000e+01,-4.42E+01,4.263301361880201767e+01,4.570000000000000284e+01,4.400000000000000000e+01,1.136297114238026218e+01,6.563188617943741754e+00
1.000000000000000000e+01,-5.18E+01,-4.36E+01,5.460000000000000142e+01,-4.40E+01,1.705897122357480455e+01,6.686126033093181320e+00
1.000000000000000000e+01,-5.40E+01,-3.58E+01,5.460000000000000142e+01,-3.60E+01,1.323313171544396916e+01,5.476121277913548191e+00
1.000000000000000000e+01,-5.44E+01,-2.80E+01,5.460000000000000142e+01,-2.80E+01,1.177583551719172483e+01,5.743138917581982028e+00
1.000000000000000000e+01,-5.46E+01,-1.99E+01,5.460000000000000142e+01,-2.00E+01,9.032899305663800504e+00,5.306735388386552010e+00
1.000000000000000000e+01,-5.46E+01,-1.20E+01,5.460000000000000142e+01,-1.20E+01,8.932541793436234556e+00,5.164815621571079873e+00
1.000000000000000000e+01,-5.45E+01,-9.09E+00,5.460000000000000142e+01,-9.00E+00,8.983031552398731634e+00,5.520830411756112888e+00
1.000000000000000000e+01,-5.48E+01,-6.31E+00,5.460000000000000142e+01,-6.00E+00,8.980995572454846254e+00,5.317021160164360438e+00
1.000000000000000000e+01,-5.48E+01,-3.54E-01,5.460000000000000142e+01,0.000000000000000000e+00,7.955033727754723394e+00,4.946609182119321879e+00
1.000000000000000000e+01,-5.47E+01,5.614915827252899838e+00,5.460000000000000142e+01,6.000000000000000000e+00,8.346749325875501668e+00,5.409967488034573613e+00
1.000000000000000000e+01,-5.47E+01,8.632628865990129796e+00,5.460000000000000142e+01,9.000000000000000000e+00,8.508337627910179890e+00,5.440790230856555887e+00
1.000000000000000000e+01,-5.44E+01,1.168143786907767634e+01,5.460000000000000142e+01,1.200000000000000000e+01,8.913699254125800664e+00,5.310627659308381432e+00
1.000000000000000000e+01,-5.35E+01,1.952800426880846274e+01,5.460000000000000142e+01,2.000000000000000000e+01,9.965619092224930142e+00,5.637818630822272858e+00
1.000000000000000000e+01,-5.45E+01,2.745698482775122429e+01,5.460000000000000142e+01,2.800000000000000000e+01,9.801189772871998329e+00,5.656551863325693930e+00
1.000000000000000000e+01,-5.26E+01,3.502684652090472639e+01,5.460000000000000142e+01,3.600000000000000000e+01,1.326917588793350511e+01,5.334267876149770160e+00
1.000000000000000000e+01,-5.16E+01,4.303035946028747105e+01,5.460000000000000142e+01,4.400000000000000000e+01,1.770512459659401472e+01,7.079127403059137791e+00
2.000000000000000000e+01,-2.43E+00,-4.44E+01,0.000000000000000000e+00,-4.40E+01,4.338881515446574078e+00,4.813037651662230409e+00
2.000000000000000000e+01,-2.37E+00,-3.66E+01,0.000000000000000000e+00,-3.60E+01,3.955651055761238322e+00,4.893399893288941982e+00
2.000000000000000000e+01,-2.04E+00,-2.89E+01,0.000000000000000000e+00,-2.80E+01,3.853430188316110616e+00,4.662603939834943034e+00
2.000000000000000000e+01,-2.05E+00,-2.11E+01,0.000000000000000000e+00,-2.00E+01,3.569671322680235459e+00,4.741948517159099374e+00
2.000000000000000000e+01,-2.01E+00,-1.31E+01,0.000000000000000000e+00,-1.20E+01,3.497904978580392399e+00,4.872021148576906491e+00
2.000000000000000000e+01,-2.03E+00,-1.02E+01,0.000000000000000000e+00,-9.00E+00,3.275218907844067218e+00,4.826456072527030905e+00
2.000000000000000000e+01,-2.02E+00,-7.20E+00,0.000000000000000000e+00,-6.00E+00,3.403182900304404068e+00,4.777839291165147273e+00
2.000000000000000000e+01,-2.10E+00,-1.14E+00,0.000000000000000000e+00,0.000000000000000000e+00,3.333796884821919715e+00,4.912038860690348230e+00
2.000000000000000000e+01,-2.01E+00,4.939284522170065195e+00,0.000000000000000000e+00,6.000000000000000000e+00,3.300830770476559373e+00,4.911066311877272383e+00
2.000000000000000000e+01,-2.09E+00,8.074912751701914360e+00,0.000000000000000000e+00,9.000000000000000000e+00,3.334665184335150023e+00,5.077499769594925993e+00
2.000000000000000000e+01,-2.10E+00,1.112875431173518237e+01,0.000000000000000000e+00,1.200000000000000000e+01,3.210412230507575515e+00,4.845371777107807532e+00
2.000000000000000000e+01,-2.05E+00,1.915833667018752706e+01,0.000000000000000000e+00,2.000000000000000000e+01,3.528005534845208846e+00,4.954533247035015187e+00
2.000000000000000000e+01,-2.25E+00,2.700242396404767575e+01,0.000000000000000000e+00,2.800000000000000000e+01,3.742938231461241383e+00,5.087096897773693449e+00
2.000000000000000000e+01,-2.40E+00,3.490604078368205165e+01,0.000000000000000000e+00,3.600000000000000000e+01,3.952296254132495967e+00,5.203156920305193722e+00
2.000000000000000000e+01,-2.64E+00,4.287957395023379803e+01,0.000000000000000000e+00,4.400000000000000000e+01,4.525867562796995536e+00,4.963598347350006712e+00
2.000000000000000000e+01,-1.02E+01,-4.48E+01,8.800000000000000711e+00,-4.40E+01,6.538878497400768985e+00,4.688103809830912461e+00
2.000000000000000000e+01,-1.04E+01,-3.69E+01,8.800000000000000711e+00,-3.60E+01,5.139567449327449467e+00,4.570010184406600118e+00
2.000000000000000000e+01,-1.03E+01,-2.90E+01,8.800000000000000711e+00,-2.80E+01,4.398810053114630136e+00,4.434217303120372655e+00
2.000000000000000000e+01,-1.05E+01,-2.13E+01,8.800000000000000711e+00,-2.00E+01,4.127483445085471381e+00,4.552110770005331375e+00
2.000000000000000000e+01,-1.06E+01,-1.33E+01,8.800000000000000711e+00,-1.20E+01,3.633338160144539142e+00,4.971887449103955525e+00
2.000000000000000000e+01,-1.05E+01,-1.03E+01,8.800000000000000711e+00,-9.00E+00,3.704546203282547800e+00,4.853486188588903794e+00
2.000000000000000000e+01,-1.06E+01,-7.11E+00,8.800000000000000711e+00,-6.00E+00,3.666010178745349624e+00,4.921523863173492330e+00
2.000000000000000000e+01,-1.05E+01,-1.10E+00,8.800000000000000711e+00,0.000000000000000000e+00,3.580315363809691842e+00,4.966022782731243979e+00
2.000000000000000000e+01,-1.05E+01,5.130325689084709317e+00,8.800000000000000711e+00,6.000000000000000000e+00,3.660398119149502083e+00,5.138165655234515405e+00
2.000000000000000000e+01,-1.05E+01,8.043157042127848655e+00,8.800000000000000711e+00,9.000000000000000000e+00,3.697445792305293022e+00,5.026998584111598944e+00
2.000000000000000000e+01,-1.05E+01,1.110768531660414737e+01,8.800000000000000711e+00,1.200000000000000000e+01,4.020307690069981454e+00,4.756135477596801664e+00
2.000000000000000000e+01,-1.04E+01,1.935853813910995314e+01,8.800000000000000711e+00,2.000000000000000000e+01,3.939451998023444368e+00,4.802321534475307629e+00
2.000000000000000000e+01,-1.03E+01,2.737450117250718762e+01,8.800000000000000711e+00,2.800000000000000000e+01,4.398028525848911130e+00,4.759039162796703692e+00
2.000000000000000000e+01,-1.03E+01,3.544106658232603735e+01,8.800000000000000711e+00,3.600000000000000000e+01,4.875426039712659865e+00,4.743458614957541286e+00
2.000000000000000000e+01,-1.01E+01,4.336234425684460803e+01,8.800000000000000711e+00,4.400000000000000000e+01,6.035793206552998669e+00,4.800746150648517840e+00
2.000000000000000000e+01,-1.93E+01,-4.49E+01,1.800000000000000000e+01,-4.40E+01,5.632557195707597053e+00,4.442793935120106674e+00
2.000000000000000000e+01,-1.96E+01,-3.70E+01,1.800000000000000000e+01,-3.60E+01,4.714675225096906175e+00,4.361987303588633402e+00
2.000000000000000000e+01,-1.96E+01,-2.89E+01,1.800000000000000000e+01,-2.80E+01,4.164991785648047617e+00,4.439785726996594128e+00
2.000000000000000000e+01,-1.97E+01,-2.12E+01,1.800000000000000000e+01,-2.00E+01,3.899073994403260190e+00,4.562437927051515629e+00
2.000000000000000000e+01,-1.98E+01,-1.32E+01,1.800000000000000000e+01,-1.20E+01,3.585306537206685906e+00,4.668726155885149609e+00
2.000000000000000000e+01,-1.98E+01,-1.03E+01,1.800000000000000000e+01,-9.00E+00,3.599692746245967356e+00,4.643824865260914869e+00
2.000000000000000000e+01,-1.99E+01,-7.15E+00,1.800000000000000000e+01,-6.00E+00,3.516263584287249166e+00,4.746301142599120837e+00
2.000000000000000000e+01,-1.98E+01,-1.01E+00,1.800000000000000000e+01,0.000000000000000000e+00,3.545203786236073462e+00,4.602469283871179151e+00
2.000000000000000000e+01,-1.98E+01,5.205674849442629259e+00,1.800000000000000000e+01,6.000000000000000000e+00,3.460838236706190063e+00,4.866443650779854302e+00
2.000000000000000000e+01,-1.98E+01,8.145184707803338142e+00,1.800000000000000000e+01,9.000000000000000000e+00,3.683998747173706789e+00,4.815111405047549198e+00
2.000000000000000000e+01,-1.97E+01,1.120783508069700396e+01,1.800000000000000000e+01,1.200000000000000000e+01,3.621668987193158440e+00,4.748071546931131870e+00
2.000000000000000000e+01,-1.96E+01,1.934076048829967576e+01,1.800000000000000000e+01,2.000000000000000000e+01,3.750948351636605782e+00,4.640078950100222421e+00
2.000000000000000000e+01,-1.97E+01,2.735448163358343976e+01,1.800000000000000000e+01,2.800000000000000000e+01,4.293189476162928564e+00,4.649361158790640935e+00
2.000000000000000000e+01,-1.95E+01,3.557824662002068550e+01,1.800000000000000000e+01,3.600000000000000000e+01,4.826999534453086049e+00,4.469213481988036918e+00
2.000000000000000000e+01,-1.93E+01,4.360456419446603604e+01,1.800000000000000000e+01,4.400000000000000000e+01,5.656693559478069844e+00,4.444667210131654222e+00
2.000000000000000000e+01,-2.86E+01,-4.48E+01,2.730000000000000071e+01,-4.40E+01,5.538596817064502353e+00,4.236667139976161955e+00
2.000000000000000000e+01,-2.87E+01,-3.69E+01,2.730000000000000071e+01,-3.60E+01,4.627761785635226666e+00,4.127793106831680880e+00
2.000000000000000000e+01,-2.87E+01,-2.88E+01,2.730000000000000071e+01,-2.80E+01,3.976207951280067654e+00,4.449326217792486382e+00
2.000000000000000000e+01,-2.89E+01,-2.09E+01,2.730000000000000071e+01,-2.00E+01,3.636464535226439310e+00,4.309617250491924345e+00
2.000000000000000000e+01,-2.89E+01,-1.30E+01,2.730000000000000071e+01,-1.20E+01,3.605203531671177242e+00,4.383640362562262638e+00
2.000000000000000000e+01,-2.89E+01,-1.01E+01,2.730000000000000071e+01,-9.00E+00,3.487260932306776695e+00,4.553817423425745581e+00
2.000000000000000000e+01,-2.89E+01,-6.97E+00,2.730000000000000071e+01,-6.00E+00,3.375322919804886190e+00,4.430019960486069941e+00
2.000000000000000000e+01,-2.89E+01,-9.67E-01,2.730000000000000071e+01,0.000000000000000000e+00,3.483096683445086050e+00,4.625740630526731678e+00
2.000000000000000000e+01,-2.90E+01,5.126465428005694491e+00,2.730000000000000071e+01,6.000000000000000000e+00,3.411219247173633118e+00,4.617146403741277716e+00
2.000000000000000000e+01,-2.89E+01,8.130158634404571316e+00,2.730000000000000071e+01,9.000000000000000000e+00,3.418074613290623454e+00,4.757315129803204812e+00
2.000000000000000000e+01,-2.89E+01,1.131617804726984389e+01,2.730000000000000071e+01,1.200000000000000000e+01,3.622925514392377977e+00,4.514127763833031715e+00
2.000000000000000000e+01,-2.88E+01,1.929216639548162959e+01,2.730000000000000071e+01,2.000000000000000000e+01,3.620691795010434699e+00,4.324167313412707436e+00
2.000000000000000000e+01,-2.87E+01,2.722446811828810809e+01,2.730000000000000071e+01,2.800000000000000000e+01,3.900660029212623670e+00,4.344265688755745813e+00
2.000000000000000000e+01,-2.86E+01,3.519430053938761915e+01,2.730000000000000071e+01,3.600000000000000000e+01,4.425730587039137021e+00,4.345437814065974180e+00
2.000000000000000000e+01,-2.83E+01,4.342857306958837427e+01,2.730000000000000071e+01,4.400000000000000000e+01,5.433904845268935802e+00,4.179616093561649315e+00
2.000000000000000000e+01,-3.73E+01,-4.45E+01,3.639999999999999858e+01,-4.40E+01,5.343960901427793786e+00,4.057257587684798494e+00
2.000000000000000000e+01,-3.76E+01,-3.65E+01,3.639999999999999858e+01,-3.60E+01,4.732528595290097506e+00,3.952689177541523602e+00
2.000000000000000000e+01,-3.76E+01,-2.85E+01,3.639999999999999858e+01,-2.80E+01,4.095554419617659647e+00,3.984092979927142508e+00
2.000000000000000000e+01,-3.76E+01,-2.06E+01,3.639999999999999858e+01,-2.00E+01,3.835320372503549624e+00,4.128565799296258554e+00
2.000000000000000000e+01,-3.77E+01,-1.29E+01,3.639999999999999858e+01,-1.20E+01,3.617765337835303185e+00,4.238699649495791810e+00
2.000000000000000000e+01,-3.76E+01,-9.75E+00,3.639999999999999858e+01,-9.00E+00,3.610196457893820821e+00,3.995747603621521371e+00
2.000000000000000000e+01,-3.76E+01,-6.78E+00,3.639999999999999858e+01,-6.00E+00,3.610481667089237678e+00,4.187363943480705508e+00
2.000000000000000000e+01,-3.76E+01,-6.47E-01,3.639999999999999858e+01,0.000000000000000000e+00,3.274994241352580104e+00,4.364745868906553028e+00
2.000000000000000000e+01,-3.77E+01,5.287394174260497515e+00,3.639999999999999858e+01,6.000000000000000000e+00,3.418844936956960900e+00,4.423209546512978818e+00
2.000000000000000000e+01,-3.76E+01,8.170903836214979066e+00,3.639999999999999858e+01,9.000000000000000000e+00,3.447967589007369327e+00,4.115109629390357959e+00
2.000000000000000000e+01,-3.76E+01,1.137347474143877513e+01,3.639999999999999858e+01,1.200000000000000000e+01,3.459076698720123577e+00,4.156343219053550975e+00
2.000000000000000000e+01,-3.75E+01,1.925623594151853979e+01,3.639999999999999858e+01,2.000000000000000000e+01,3.705603071326038389e+00,4.119471992675245886e+00
2.000000000000000000e+01,-3.75E+01,2.720491870579812144e+01,3.639999999999999858e+01,2.800000000000000000e+01,4.027733915529164044e+00,4.081538588259875588e+00
2.000000000000000000e+01,-3.73E+01,3.526579146734231784e+01,3.639999999999999858e+01,3.600000000000000000e+01,4.479330602115979332e+00,3.945447270361965852e+00
2.000000000000000000e+01,-3.70E+01,4.326892737372009634e+01,3.639999999999999858e+01,4.400000000000000000e+01,5.344936283078975059e+00,4.049126524449183862e+00
2.000000000000000000e+01,-4.60E+01,-4.40E+01,4.570000000000000284e+01,-4.40E+01,6.625466578172035881e+00,3.845258110284471620e+00
2.000000000000000000e+01,-4.64E+01,-3.62E+01,4.570000000000000284e+01,-3.60E+01,5.551850401306557714e+00,3.619867977081999033e+00
2.000000000000000000e+01,-4.65E+01,-2.83E+01,4.570000000000000284e+01,-2.80E+01,4.844142361134640140e+00,3.798676984616945695e+00
2.000000000000000000e+01,-4.66E+01,-2.05E+01,4.570000000000000284e+01,-2.00E+01,4.091898840144663652e+00,3.690342988444793804e+00
2.000000000000000000e+01,-4.66E+01,-1.25E+01,4.570000000000000284e+01,-1.20E+01,3.912872047464810432e+00,3.903019766998671702e+00
2.000000000000000000e+01,-4.67E+01,-9.63E+00,4.570000000000000284e+01,-9.00E+00,3.868143571632758793e+00,3.792481229237761653e+00
2.000000000000000000e+01,-4.66E+01,-6.69E+00,4.570000000000000284e+01,-6.00E+00,3.864301629506469826e+00,3.768808125164627487e+00
2.000000000000000000e+01,-4.66E+01,-5.66E-01,4.570000000000000284e+01,0.000000000000000000e+00,3.956031201538715791e+00,3.948540914336427843e+00
2.000000000000000000e+01,-4.67E+01,5.445284319855918653e+00,4.570000000000000284e+01,6.000000000000000000e+00,3.890825764270531728e+00,3.954931651340277021e+00
2.000000000000000000e+01,-4.66E+01,8.387574856606887508e+00,4.570000000000000284e+01,9.000000000000000000e+00,3.799000319319759456e+00,3.866900398254553117e+00
2.000000000000000000e+01,-4.66E+01,1.122369198631999687e+01,4.570000000000000284e+01,1.200000000000000000e+01,4.026349583694218914e+00,3.909210384550469541e+00
2.000000000000000000e+01,-4.65E+01,1.921619643137216471e+01,4.570000000000000284e+01,2.000000000000000000e+01,4.207252633425465405e+00,3.755092541788546345e+00
2.000000000000000000e+01,-4.64E+01,2.724557475591877065e+01,4.570000000000000284e+01,2.800000000000000000e+01,4.649069495947527386e+00,3.940851212772338297e+00
2.000000000000000000e+01,-4.61E+01,3.522307610102198794e+01,4.570000000000000284e+01,3.600000000000000000e+01,5.384393213523761546e+00,3.907192005257751344e+00
2.000000000000000000e+01,-4.56E+01,4.296713227919356370e+01,4.570000000000000284e+01,4.400000000000000000e+01,6.667784357549369822e+00,3.663629133666214344e+00
2.000000000000000000e+01,-5.35E+01,-4.40E+01,5.460000000000000142e+01,-4.40E+01,9.360121213017270847e+00,3.681242556694954704e+00
2.000000000000000000e+01,-5.46E+01,-3.60E+01,5.460000000000000142e+01,-3.60E+01,7.572285420759377494e+00,3.624269099743494760e+00
2.000000000000000000e+01,-5.50E+01,-2.81E+01,5.460000000000000142e+01,-2.80E+01,6.189976598714961753e+00,3.625610840495827158e+00
2.000000000000000000e+01,-5.51E+01,-2.01E+01,5.460000000000000142e+01,-2.00E+01,5.447267076798700813e+00,3.683133267301240021e+00
2.000000000000000000e+01,-5.52E+01,-1.23E+01,5.460000000000000142e+01,-1.20E+01,4.910044512973358088e+00,3.575114166769869595e+00
2.000000000000000000e+01,-5.53E+01,-9.29E+00,5.460000000000000142e+01,-9.00E+00,5.188618526387135610e+00,3.316243166833712674e+00
2.000000000000000000e+01,-5.53E+01,-6.48E+00,5.460000000000000142e+01,-6.00E+00,4.929117664292045120e+00,3.553302303346030921e+00
2.000000000000000000e+01,-5.53E+01,-4.73E-01,5.460000000000000142e+01,0.000000000000000000e+00,4.858148774542770276e+00,3.486816597387953909e+00
2.000000000000000000e+01,-5.52E+01,5.385839139888842553e+00,5.460000000000000142e+01,6.000000000000000000e+00,5.000364068524080885e+00,3.579523853668594047e+00
2.000000000000000000e+01,-5.52E+01,8.407945184576353981e+00,5.460000000000000142e+01,9.000000000000000000e+00,4.969104816874162722e+00,3.668577097319843716e+00
2.000000000000000000e+01,-5.51E+01,1.143687095331399384e+01,5.460000000000000142e+01,1.200000000000000000e+01,4.992516604475392583e+00,3.499830879607505718e+00
2.000000000000000000e+01,-5.50E+01,1.903519305851454746e+01,5.460000000000000142e+01,2.000000000000000000e+01,5.366220827736756682e+00,3.773693138031818162e+00
2.000000000000000000e+01,-5.48E+01,2.730926945371657055e+01,5.460000000000000142e+01,2.800000000000000000e+01,6.068033558340346190e+00,3.587755391538954175e+00
2.000000000000000000e+01,-5.42E+01,3.511954375824806363e+01,5.460000000000000142e+01,3.600000000000000000e+01,7.241584091273857382e+00,3.629217987954363345e+00
2.000000000000000000e+01,-5.29E+01,4.305082121277691698e+01,5.460000000000000142e+01,4.400000000000000000e+01,9.172229751929128483e+00,3.653445971593599406e+00
4.000000000000000000e+01,-1.90E+00,-4.42E+01,0.000000000000000000e+00,-4.40E+01,3.346231395814660114e+00,3.443083703444357546e+00
4.000000000000000000e+01,-2.14E+00,-3.67E+01,0.000000000000000000e+00,-3.60E+01,3.833162690347358570e+00,3.856334070529260583e+00
4.000000000000000000e+01,-2.05E+00,-2.88E+01,0.000000000000000000e+00,-2.80E+01,3.254932467188336176e+00,3.988527361250838066e+00
4.000000000000000000e+01,-1.95E+00,-2.11E+01,0.000000000000000000e+00,-2.00E+01,3.104858943755231415e+00,4.136733394428363297e+00
4.000000000000000000e+01,-1.84E+00,-1.32E+01,0.000000000000000000e+00,-1.20E+01,2.504321357789509150e+00,4.226212677510789106e+00
4.000000000000000000e+01,-1.95E+00,-1.01E+01,0.000000000000000000e+00,-9.00E+00,2.900145688493889207e+00,4.371321490767803297e+00
4.000000000000000000e+01,-1.83E+00,-7.05E+00,0.000000000000000000e+00,-6.00E+00,2.854087047861078918e+00,4.235094972174078265e+00
4.000000000000000000e+01,-1.92E+00,-1.08E+00,0.000000000000000000e+00,0.000000000000000000e+00,2.837551766608668480e+00,4.208307918532803171e+00
4.000000000000000000e+01,-2.03E+00,5.068232058354655400e+00,0.000000000000000000e+00,6.000000000000000000e+00,2.981532116218597483e+00,4.193797240350122912e+00
4.000000000000000000e+01,-1.79E+00,8.023685579472218166e+00,0.000000000000000000e+00,9.000000000000000000e+00,2.650714912341439522e+00,4.244410685672126426e+00
4.000000000000000000e+01,-1.74E+00,1.106231863804498161e+01,0.000000000000000000e+00,1.200000000000000000e+01,2.724689465620343309e+00,4.017977929040304375e+00
4.000000000000000000e+01,-1.81E+00,1.893285451550607235e+01,0.000000000000000000e+00,2.000000000000000000e+01,2.880002048084316701e+00,3.948753736974809581e+00
4.000000000000000000e+01,-1.91E+00,2.705978340480009692e+01,0.000000000000000000e+00,2.800000000000000000e+01,3.294246307989685985e+00,4.036678367922247546e+00
4.000000000000000000e+01,-2.19E+00,3.516801452711860776e+01,0.000000000000000000e+00,3.600000000000000000e+01,3.709708851162173637e+00,3.873583148353075156e+00
4.000000000000000000e+01,-1.98E+00,4.316004475202621649e+01,0.000000000000000000e+00,4.400000000000000000e+01,3.324048565282226253e+00,3.523194069386152538e+00
4.000000000000000000e+01,-1.05E+01,-4.46E+01,8.800000000000000711e+00,-4.40E+01,3.574652750684486513e+00,3.301492528872576493e+00
4.000000000000000000e+01,-1.06E+01,-3.69E+01,8.800000000000000711e+00,-3.60E+01,3.398635978085052134e+00,3.758359194787796120e+00
4.000000000000000000e+01,-1.06E+01,-2.90E+01,8.800000000000000711e+00,-2.80E+01,2.938232810984113375e+00,3.832533148473023399e+00
4.000000000000000000e+01,-1.07E+01,-2.11E+01,8.800000000000000711e+00,-2.00E+01,2.635907369943056633e+00,4.032137095725008002e+00
4.000000000000000000e+01,-1.07E+01,-1.33E+01,8.800000000000000711e+00,-1.20E+01,2.524344435705468737e+00,4.085091377008894575e+00
4.000000000000000000e+01,-1.07E+01,-1.01E+01,8.800000000000000711e+00,-9.00E+00,2.483867045955814312e+00,4.203371743940470751e+00
4.000000000000000000e+01,-1.07E+01,-7.32E+00,8.800000000000000711e+00,-6.00E+00,2.305437673710339030e+00,4.247688788885406019e+00
4.000000000000000000e+01,-1.07E+01,-8.64E-01,8.800000000000000711e+00,0.000000000000000000e+00,2.412332073171905567e+00,4.339590108994458184e+00
4.000000000000000000e+01,-1.07E+01,5.089244557489299048e+00,8.800000000000000711e+00,6.000000000000000000e+00,2.698495307497151163e+00,4.241627976235873732e+00
4.000000000000000000e+01,-1.07E+01,8.128617375072515472e+00,8.800000000000000711e+00,9.000000000000000000e+00,2.526732446531605003e+00,4.218225247969320080e+00
4.000000000000000000e+01,-1.06E+01,1.122453329261491284e+01,8.800000000000000711e+00,1.200000000000000000e+01,2.370008451782191994e+00,4.169517780144118113e+00
4.000000000000000000e+01,-1.06E+01,1.919959080154987774e+01,8.800000000000000711e+00,2.000000000000000000e+01,2.642023705336558059e+00,4.011869053546566199e+00
4.000000000000000000e+01,-1.06E+01,2.719618491044977304e+01,8.800000000000000711e+00,2.800000000000000000e+01,2.601412546701221018e+00,4.043086872643232965e+00
4.000000000000000000e+01,-1.05E+01,3.533433809524125735e+01,8.800000000000000711e+00,3.600000000000000000e+01,3.179433672579355274e+00,3.788708960760907463e+00
4.000000000000000000e+01,-1.04E+01,4.333870072184210898e+01,8.800000000000000711e+00,4.400000000000000000e+01,3.532376327542382288e+00,3.519721681553619863e+00
4.000000000000000000e+01,-1.97E+01,-4.49E+01,1.800000000000000000e+01,-4.40E+01,3.319534144006763388e+00,3.295653628387777978e+00
4.000000000000000000e+01,-1.97E+01,-3.69E+01,1.800000000000000000e+01,-3.60E+01,2.856525036558293262e+00,3.518390176449968099e+00
4.000000000000000000e+01,-1.97E+01,-2.89E+01,1.800000000000000000e+01,-2.80E+01,2.903238625141712159e+00,3.690706602363121647e+00
4.000000000000000000e+01,-1.98E+01,-2.13E+01,1.800000000000000000e+01,-2.00E+01,2.452242638507279082e+00,3.934838480979316877e+00
4.000000000000000000e+01,-1.98E+01,-1.32E+01,1.800000000000000000e+01,-1.20E+01,2.491662226541399239e+00,3.903302767064898759e+00
4.000000000000000000e+01,-1.98E+01,-1.01E+01,1.800000000000000000e+01,-9.00E+00,2.293152753886040784e+00,4.034977978783214958e+00
4.000000000000000000e+01,-1.98E+01,-7.14E+00,1.800000000000000000e+01,-6.00E+00,2.295593148607543821e+00,3.839963011393840109e+00
4.000000000000000000e+01,-1.98E+01,-1.03E+00,1.800000000000000000e+01,0.000000000000000000e+00,2.186480993845640430e+00,4.125856064836709969e+00
4.000000000000000000e+01,-1.99E+01,5.204883975313684630e+00,1.800000000000000000e+01,6.000000000000000000e+00,2.338657484361812422e+00,3.972859383452698623e+00
4.000000000000000000e+01,-1.98E+01,8.250211604026773671e+00,1.800000000000000000e+01,9.000000000000000000e+00,2.374230761075696527e+00,4.075995520927343740e+00
4.000000000000000000e+01,-1.98E+01,1.118860515651464205e+01,1.800000000000000000e+01,1.200000000000000000e+01,2.432400572828102181e+00,3.950105390734958366e+00
4.000000000000000000e+01,-1.97E+01,1.937122644896883372e+01,1.800000000000000000e+01,2.000000000000000000e+01,2.540027859782234998e+00,3.898154940596165741e+00
4.000000000000000000e+01,-1.96E+01,2.738764727369663277e+01,1.800000000000000000e+01,2.800000000000000000e+01,2.723124093860618711e+00,3.705824108384143667e+00
4.000000000000000000e+01,-1.95E+01,3.539671937482361841e+01,1.800000000000000000e+01,3.600000000000000000e+01,2.989495817999579419e+00,3.491442942039177044e+00
4.000000000000000000e+01,-1.95E+01,4.356489032661124838e+01,1.800000000000000000e+01,4.400000000000000000e+01,3.533003973764391681e+00,3.304962277137714288e+00
4.000000000000000000e+01,-2.89E+01,-4.45E+01,2.730000000000000071e+01,-4.40E+01,3.381665285076473904e+00,3.211058114649536943e+00
4.000000000000000000e+01,-2.91E+01,-3.66E+01,2.730000000000000071e+01,-3.60E+01,2.739231819748441765e+00,3.488251738695098414e+00
4.000000000000000000e+01,-2.89E+01,-2.87E+01,2.730000000000000071e+01,-2.80E+01,2.457110773996507902e+00,3.715430036591056862e+00
4.000000000000000000e+01,-2.91E+01,-2.09E+01,2.730000000000000071e+01,-2.00E+01,2.634085429840939518e+00,3.781539581181540655e+00
4.000000000000000000e+01,-2.90E+01,-1.30E+01,2.730000000000000071e+01,-1.20E+01,2.391016872718015662e+00,3.899833348316072534e+00
4.000000000000000000e+01,-2.90E+01,-9.89E+00,2.730000000000000071e+01,-9.00E+00,2.025380007250427550e+00,4.037940757675853476e+00
4.000000000000000000e+01,-2.92E+01,-6.81E+00,2.730000000000000071e+01,-6.00E+00,2.075353279905818749e+00,3.967264411148174741e+00
4.000000000000000000e+01,-2.91E+01,-6.40E-01,2.730000000000000071e+01,0.000000000000000000e+00,2.052146992807422965e+00,4.152942672557587755e+00
4.000000000000000000e+01,-2.93E+01,5.323252238833980243e+00,2.730000000000000071e+01,6.000000000000000000e+00,2.291641364320677887e+00,4.149663425155429408e+00
4.000000000000000000e+01,-2.92E+01,8.325119788435582535e+00,2.730000000000000071e+01,9.000000000000000000e+00,2.467965175923706234e+00,4.046416896084028103e+00
4.000000000000000000e+01,-2.90E+01,1.145209595541891012e+01,2.730000000000000071e+01,1.200000000000000000e+01,2.226596551053479534e+00,3.826713761028534666e+00
4.000000000000000000e+01,-2.90E+01,1.954779872341086389e+01,2.730000000000000071e+01,2.000000000000000000e+01,2.690642362852781133e+00,3.823508788881850862e+00
4.000000000000000000e+01,-2.89E+01,2.740397477728913245e+01,2.730000000000000071e+01,2.800000000000000000e+01,2.709626783759944146e+00,3.749852999528760389e+00
4.000000000000000000e+01,-2.90E+01,3.556101964026011331e+01,2.730000000000000071e+01,3.600000000000000000e+01,2.485283903542580664e+00,3.505343541849371469e+00
4.000000000000000000e+01,-2.86E+01,4.365793039277351539e+01,2.730000000000000071e+01,4.400000000000000000e+01,3.369272544197820185e+00,3.045889909428106890e+00
4.000000000000000000e+01,-3.77E+01,-4.41E+01,3.639999999999999858e+01,-4.40E+01,3.268523593655580317e+00,2.797086782959896212e+00
4.000000000000000000e+01,-3.76E+01,-3.63E+01,3.639999999999999858e+01,-3.60E+01,2.862726080195134415e+00,3.123563252967589410e+00
4.000000000000000000e+01,-3.78E+01,-2.85E+01,3.639999999999999858e+01,-2.80E+01,2.695162205254467036e+00,3.278682564388118781e+00
4.000000000000000000e+01,-3.77E+01,-2.06E+01,3.639999999999999858e+01,-2.00E+01,2.497500933673110879e+00,3.576866720929955168e+00
4.000000000000000000e+01,-3.78E+01,-1.27E+01,3.639999999999999858e+01,-1.20E+01,2.449721463932482912e+00,3.604206016584063921e+00
4.000000000000000000e+01,-3.77E+01,-9.68E+00,3.639999999999999858e+01,-9.00E+00,2.718664666455238077e+00,3.771247364384494372e+00
4.000000000000000000e+01,-3.77E+01,-6.73E+00,3.639999999999999858e+01,-6.00E+00,2.913892006436817006e+00,3.676111746819704873e+00
4.000000000000000000e+01,-3.77E+01,-6.76E-01,3.639999999999999858e+01,0.000000000000000000e+00,2.518885567490515509e+00,3.778286423905063085e+00
4.000000000000000000e+01,-3.76E+01,5.380766135298595820e+00,3.639999999999999858e+01,6.000000000000000000e+00,2.415373706207294635e+00,3.746706698787229062e+00
4.000000000000000000e+01,-3.78E+01,8.430158180001253498e+00,3.639999999999999858e+01,9.000000000000000000e+00,2.280337922811964013e+00,3.588626128663967574e+00
4.000000000000000000e+01,-3.77E+01,1.143562802711460336e+01,3.639999999999999858e+01,1.200000000000000000e+01,2.661391857279038931e+00,3.462204392898168948e+00
4.000000000000000000e+01,-3.75E+01,1.954232062502687128e+01,3.639999999999999858e+01,2.000000000000000000e+01,2.750823101522950509e+00,3.524410384207760316e+00
4.000000000000000000e+01,-3.75E+01,2.745610087861526338e+01,3.639999999999999858e+01,2.800000000000000000e+01,2.574754258339265967e+00,3.493895083321607142e+00
4.000000000000000000e+01,-3.76E+01,3.553748461633087885e+01,3.639999999999999858e+01,3.600000000000000000e+01,2.990885197207905133e+00,3.080890516579485539e+00
4.000000000000000000e+01,-3.73E+01,4.346378075591280066e+01,3.639999999999999858e+01,4.400000000000000000e+01,3.257476835880071420e+00,2.918508333219278938e+00
4.000000000000000000e+01,-4.64E+01,-4.38E+01,4.570000000000000284e+01,-4.40E+01,3.644923377607330206e+00,2.720582613909433345e+00
4.000000000000000000e+01,-4.67E+01,-3.60E+01,4.570000000000000284e+01,-3.60E+01,3.164832896695255027e+00,2.830848534809257355e+00
4.000000000000000000e+01,-4.69E+01,-2.82E+01,4.570000000000000284e+01,-2.80E+01,2.536683364718988365e+00,3.000634940131112316e+00
4.000000000000000000e+01,-4.68E+01,-2.03E+01,4.570000000000000284e+01,-2.00E+01,2.292807656598984778e+00,3.276148411536706995e+00
4.000000000000000000e+01,-4.69E+01,-1.25E+01,4.570000000000000284e+01,-1.20E+01,2.423413994877472000e+00,3.286954988669838595e+00
4.000000000000000000e+01,-4.68E+01,-9.33E+00,4.570000000000000284e+01,-9.00E+00,2.196342546754486591e+00,3.310275824293153146e+00
4.000000000000000000e+01,-4.68E+01,-6.45E+00,4.570000000000000284e+01,-6.00E+00,2.215544530992509475e+00,3.359877176818085065e+00
4.000000000000000000e+01,-4.68E+01,-4.21E-01,4.570000000000000284e+01,0.000000000000000000e+00,2.112894019313756200e+00,3.420953558942632533e+00
4.000000000000000000e+01,-4.68E+01,5.415169975767196497e+00,4.570000000000000284e+01,6.000000000000000000e+00,2.210790327114433129e+00,3.308359413308230135e+00
4.000000000000000000e+01,-4.68E+01,8.476890305067076525e+00,4.570000000000000284e+01,9.000000000000000000e+00,2.309651970762160111e+00,3.228767020782558284e+00
4.000000000000000000e+01,-4.68E+01,1.140806989301238694e+01,4.570000000000000284e+01,1.200000000000000000e+01,2.370255307151020396e+00,3.383544830950329096e+00
4.000000000000000000e+01,-4.67E+01,1.944089511576845197e+01,4.570000000000000284e+01,2.000000000000000000e+01,2.368575158470620501e+00,3.181853764042138710e+00
4.000000000000000000e+01,-4.68E+01,2.758094064632689779e+01,4.570000000000000284e+01,2.800000000000000000e+01,2.277987848786668046e+00,3.147503439755015009e+00
4.000000000000000000e+01,-4.65E+01,3.540924439121476297e+01,4.570000000000000284e+01,3.600000000000000000e+01,3.336963032589985723e+00,2.793704858521743883e+00
4.000000000000000000e+01,-4.61E+01,4.333743380910797072e+01,4.570000000000000284e+01,4.400000000000000000e+01,3.823687945608474248e+00,2.592779455177183667e+00
4.000000000000000000e+01,-5.48E+01,-4.37E+01,5.460000000000000142e+01,-4.40E+01,4.941860168075025150e+00,2.774005895187229065e+00
4.000000000000000000e+01,-5.51E+01,-3.58E+01,5.460000000000000142e+01,-3.60E+01,3.890894814557727344e+00,2.623310460554184154e+00
4.000000000000000000e+01,-5.54E+01,-2.78E+01,5.460000000000000142e+01,-2.80E+01,3.346963773901165062e+00,2.882621791722292048e+00
4.000000000000000000e+01,-5.55E+01,-2.00E+01,5.460000000000000142e+01,-2.00E+01,3.338105595191336761e+00,2.888757163657741600e+00
4.000000000000000000e+01,-5.56E+01,-1.21E+01,5.460000000000000142e+01,-1.20E+01,3.111395603887971095e+00,2.835834543392203422e+00
4.000000000000000000e+01,-5.55E+01,-9.14E+00,5.460000000000000142e+01,-9.00E+00,3.011145597236690730e+00,2.700155532637309008e+00
4.000000000000000000e+01,-5.57E+01,-6.27E+00,5.460000000000000142e+01,-6.00E+00,3.205062070499033577e+00,2.827672234208943092e+00
4.000000000000000000e+01,-5.57E+01,-3.94E-01,5.460000000000000142e+01,0.000000000000000000e+00,3.179675864136040975e+00,2.965477512760303469e+00
4.000000000000000000e+01,-5.57E+01,5.587640953806306321e+00,5.460000000000000142e+01,6.000000000000000000e+00,3.000011683006445828e+00,2.865127208082801857e+00
4.000000000000000000e+01,-5.56E+01,8.449314517049163697e+00,5.460000000000000142e+01,9.000000000000000000e+00,2.930447130377961340e+00,2.810528778592054522e+00
4.000000000000000000e+01,-5.56E+01,1.136432647577608002e+01,5.460000000000000142e+01,1.200000000000000000e+01,3.155283761808155063e+00,2.852730469096729227e+00
4.000000000000000000e+01,-5.55E+01,1.931273355493031829e+01,5.460000000000000142e+01,2.000000000000000000e+01,3.524451981229152597e+00,2.791797047735208093e+00
4.000000000000000000e+01,-5.52E+01,2.728702431203886292e+01,5.460000000000000142e+01,2.800000000000000000e+01,3.352888659614501332e+00,2.733323938542203457e+00
4.000000000000000000e+01,-5.48E+01,3.535962453707054465e+01,5.460000000000000142e+01,3.600000000000000000e+01,4.073768356386809231e+00,2.337707265325072559e+00
4.000000000000000000e+01,-5.45E+01,4.317724769273072383e+01,5.460000000000000142e+01,4.400000000000000000e+01,4.876122634503562203e+00,2.404294350885790799e+00